date,date_key,year,month,month_name,quarter_name,week_of_year,day_of_year
2026-01-05,20260105,2026,1,January,Q1,2,5
2026-01-12,20260112,2026,1,January,Q1,3,12
2026-01-19,20260119,2026,1,January,Q1,4,19
2026-01-26,20260126,2026,1,January,Q1,5,26
2026-02-02,20260202,2026,2,February,Q1,6,33
2026-02-09,20260209,2026,2,February,Q1,7,40
2026-02-16,20260216,2026,2,February,Q1,8,47
2026-02-23,20260223,2026,2,February,Q1,9,54
2026-03-02,20260302,2026,3,March,Q1,10,61
2026-03-09,20260309,2026,3,March,Q1,11,68
2026-03-16,20260316,2026,3,March,Q1,12,75
2026-03-23,20260323,2026,3,March,Q1,13,82
2026-03-30,20260330,2026,3,March,Q1,14,89
2026-04-06,20260406,2026,4,April,Q2,15,96
2026-04-13,20260413,2026,4,April,Q2,16,103
2026-04-20,20260420,2026,4,April,Q2,17,110
2026-04-27,20260427,2026,4,April,Q2,18,117
2026-05-04,20260504,2026,5,May,Q2,19,124
2026-05-11,20260511,2026,5,May,Q2,20,131
2026-05-18,20260518,2026,5,May,Q2,21,138
2026-05-25,20260525,2026,5,May,Q2,22,145
2026-06-01,20260601,2026,6,June,Q2,23,152
2026-06-08,20260608,2026,6,June,Q2,24,159
2026-06-15,20260615,2026,6,June,Q2,25,166
2026-06-22,20260622,2026,6,June,Q2,26,173
2026-06-29,20260629,2026,6,June,Q2,27,180
2026-07-06,20260706,2026,7,July,Q3,28,187
2026-07-13,20260713,2026,7,July,Q3,29,194
2026-07-20,20260720,2026,7,July,Q3,30,201
2026-07-27,20260727,2026,7,July,Q3,31,208
2026-08-03,20260803,2026,8,August,Q3,32,215
2026-08-10,20260810,2026,8,August,Q3,33,222
2026-08-17,20260817,2026,8,August,Q3,34,229
2026-08-24,20260824,2026,8,August,Q3,35,236
2026-08-31,20260831,2026,8,August,Q3,36,243
2026-09-07,20260907,2026,9,September,Q3,37,250
2026-09-14,20260914,2026,9,September,Q3,38,257
2026-09-21,20260921,2026,9,September,Q3,39,264
2026-09-28,20260928,2026,9,September,Q3,40,271
2026-10-05,20261005,2026,10,October,Q4,41,278
2026-10-12,20261012,2026,10,October,Q4,42,285
2026-10-19,20261019,2026,10,October,Q4,43,292
2026-10-26,20261026,2026,10,October,Q4,44,299
2026-11-02,20261102,2026,11,November,Q4,45,306
2026-11-09,20261109,2026,11,November,Q4,46,313
2026-11-16,20261116,2026,11,November,Q4,47,320
2026-11-23,20261123,2026,11,November,Q4,48,327
2026-11-30,20261130,2026,11,November,Q4,49,334
2026-12-07,20261207,2026,12,December,Q4,50,341
2026-12-14,20261214,2026,12,December,Q4,51,348
2026-12-21,20261221,2026,12,December,Q4,52,355
2026-12-28,20261228,2026,12,December,Q4,53,362
2027-01-04,20270104,2027,1,January,Q1,1,4
2027-01-11,20270111,2027,1,January,Q1,2,11
2027-01-18,20270118,2027,1,January,Q1,3,18
2027-01-25,20270125,2027,1,January,Q1,4,25
2027-02-01,20270201,2027,2,February,Q1,5,32
2027-02-08,20270208,2027,2,February,Q1,6,39
2027-02-15,20270215,2027,2,February,Q1,7,46
2027-02-22,20270222,2027,2,February,Q1,8,53
2027-03-01,20270301,2027,3,March,Q1,9,60
2027-03-08,20270308,2027,3,March,Q1,10,67
2027-03-15,20270315,2027,3,March,Q1,11,74
2027-03-22,20270322,2027,3,March,Q1,12,81
2027-03-29,20270329,2027,3,March,Q1,13,88
2027-04-05,20270405,2027,4,April,Q2,14,95
2027-04-12,20270412,2027,4,April,Q2,15,102
2027-04-19,20270419,2027,4,April,Q2,16,109
2027-04-26,20270426,2027,4,April,Q2,17,116
2027-05-03,20270503,2027,5,May,Q2,18,123
2027-05-10,20270510,2027,5,May,Q2,19,130
2027-05-17,20270517,2027,5,May,Q2,20,137
2027-05-24,20270524,2027,5,May,Q2,21,144
2027-05-31,20270531,2027,5,May,Q2,22,151
2027-06-07,20270607,2027,6,June,Q2,23,158
2027-06-14,20270614,2027,6,June,Q2,24,165
2027-06-21,20270621,2027,6,June,Q2,25,172
2027-06-28,20270628,2027,6,June,Q2,26,179
2027-07-05,20270705,2027,7,July,Q3,27,186
2027-07-12,20270712,2027,7,July,Q3,28,193
2027-07-19,20270719,2027,7,July,Q3,29,200
2027-07-26,20270726,2027,7,July,Q3,30,207
2027-08-02,20270802,2027,8,August,Q3,31,214
2027-08-09,20270809,2027,8,August,Q3,32,221
2027-08-16,20270816,2027,8,August,Q3,33,228
2027-08-23,20270823,2027,8,August,Q3,34,235
2027-08-30,20270830,2027,8,August,Q3,35,242
2027-09-06,20270906,2027,9,September,Q3,36,249
2027-09-13,20270913,2027,9,September,Q3,37,256
2027-09-20,20270920,2027,9,September,Q3,38,263
2027-09-27,20270927,2027,9,September,Q3,39,270
2027-10-04,20271004,2027,10,October,Q4,40,277
2027-10-11,20271011,2027,10,October,Q4,41,284
2027-10-18,20271018,2027,10,October,Q4,42,291
2027-10-25,20271025,2027,10,October,Q4,43,298
2027-11-01,20271101,2027,11,November,Q4,44,305
2027-11-08,20271108,2027,11,November,Q4,45,312
2027-11-15,20271115,2027,11,November,Q4,46,319
2027-11-22,20271122,2027,11,November,Q4,47,326
2027-11-29,20271129,2027,11,November,Q4,48,333
2027-12-06,20271206,2027,12,December,Q4,49,340
2027-12-13,20271213,2027,12,December,Q4,50,347
2027-12-20,20271220,2027,12,December,Q4,51,354
2027-12-27,20271227,2027,12,December,Q4,52,361
2028-01-03,20280103,2028,1,January,Q1,1,3
2028-01-10,20280110,2028,1,January,Q1,2,10
2028-01-17,20280117,2028,1,January,Q1,3,17
2028-01-24,20280124,2028,1,January,Q1,4,24
2028-01-31,20280131,2028,1,January,Q1,5,31
2028-02-07,20280207,2028,2,February,Q1,6,38
2028-02-14,20280214,2028,2,February,Q1,7,45
2028-02-21,20280221,2028,2,February,Q1,8,52
2028-02-28,20280228,2028,2,February,Q1,9,59
2028-03-06,20280306,2028,3,March,Q1,10,66
2028-03-13,20280313,2028,3,March,Q1,11,73
2028-03-20,20280320,2028,3,March,Q1,12,80
2028-03-27,20280327,2028,3,March,Q1,13,87
2028-04-03,20280403,2028,4,April,Q2,14,94
2028-04-10,20280410,2028,4,April,Q2,15,101
2028-04-17,20280417,2028,4,April,Q2,16,108
2028-04-24,20280424,2028,4,April,Q2,17,115
2028-05-01,20280501,2028,5,May,Q2,18,122
2028-05-08,20280508,2028,5,May,Q2,19,129
2028-05-15,20280515,2028,5,May,Q2,20,136
2028-05-22,20280522,2028,5,May,Q2,21,143
2028-05-29,20280529,2028,5,May,Q2,22,150
2028-06-05,20280605,2028,6,June,Q2,23,157
2028-06-12,20280612,2028,6,June,Q2,24,164
2028-06-19,20280619,2028,6,June,Q2,25,171
2028-06-26,20280626,2028,6,June,Q2,26,178
2028-07-03,20280703,2028,7,July,Q3,27,185
2028-07-10,20280710,2028,7,July,Q3,28,192
2028-07-17,20280717,2028,7,July,Q3,29,199
2028-07-24,20280724,2028,7,July,Q3,30,206
2028-07-31,20280731,2028,7,July,Q3,31,213
2028-08-07,20280807,2028,8,August,Q3,32,220
2028-08-14,20280814,2028,8,August,Q3,33,227
2028-08-21,20280821,2028,8,August,Q3,34,234
2028-08-28,20280828,2028,8,August,Q3,35,241
2028-09-04,20280904,2028,9,September,Q3,36,248
2028-09-11,20280911,2028,9,September,Q3,37,255
2028-09-18,20280918,2028,9,September,Q3,38,262
2028-09-25,20280925,2028,9,September,Q3,39,269
2028-10-02,20281002,2028,10,October,Q4,40,276
2028-10-09,20281009,2028,10,October,Q4,41,283
2028-10-16,20281016,2028,10,October,Q4,42,290
2028-10-23,20281023,2028,10,October,Q4,43,297
2028-10-30,20281030,2028,10,October,Q4,44,304
2028-11-06,20281106,2028,11,November,Q4,45,311
2028-11-13,20281113,2028,11,November,Q4,46,318
2028-11-20,20281120,2028,11,November,Q4,47,325
2028-11-27,20281127,2028,11,November,Q4,48,332
2028-12-04,20281204,2028,12,December,Q4,49,339
2028-12-11,20281211,2028,12,December,Q4,50,346
2028-12-18,20281218,2028,12,December,Q4,51,353
2028-12-25,20281225,2028,12,December,Q4,52,360
2029-01-01,20290101,2029,1,January,Q1,1,1
2029-01-08,20290108,2029,1,January,Q1,2,8
2029-01-15,20290115,2029,1,January,Q1,3,15
2029-01-22,20290122,2029,1,January,Q1,4,22
2029-01-29,20290129,2029,1,January,Q1,5,29
2029-02-05,20290205,2029,2,February,Q1,6,36
2029-02-12,20290212,2029,2,February,Q1,7,43
2029-02-19,20290219,2029,2,February,Q1,8,50
2029-02-26,20290226,2029,2,February,Q1,9,57
2029-03-05,20290305,2029,3,March,Q1,10,64
2029-03-12,20290312,2029,3,March,Q1,11,71
2029-03-19,20290319,2029,3,March,Q1,12,78
2029-03-26,20290326,2029,3,March,Q1,13,85
2029-04-02,20290402,2029,4,April,Q2,14,92
2029-04-09,20290409,2029,4,April,Q2,15,99
2029-04-16,20290416,2029,4,April,Q2,16,106
2029-04-23,20290423,2029,4,April,Q2,17,113
2029-04-30,20290430,2029,4,April,Q2,18,120
2029-05-07,20290507,2029,5,May,Q2,19,127
2029-05-14,20290514,2029,5,May,Q2,20,134
2029-05-21,20290521,2029,5,May,Q2,21,141
2029-05-28,20290528,2029,5,May,Q2,22,148
2029-06-04,20290604,2029,6,June,Q2,23,155
2029-06-11,20290611,2029,6,June,Q2,24,162
2029-06-18,20290618,2029,6,June,Q2,25,169
2029-06-25,20290625,2029,6,June,Q2,26,176
2029-07-02,20290702,2029,7,July,Q3,27,183
2029-07-09,20290709,2029,7,July,Q3,28,190
2029-07-16,20290716,2029,7,July,Q3,29,197
2029-07-23,20290723,2029,7,July,Q3,30,204
2029-07-30,20290730,2029,7,July,Q3,31,211
2029-08-06,20290806,2029,8,August,Q3,32,218
2029-08-13,20290813,2029,8,August,Q3,33,225
2029-08-20,20290820,2029,8,August,Q3,34,232
2029-08-27,20290827,2029,8,August,Q3,35,239
2029-09-03,20290903,2029,9,September,Q3,36,246
2029-09-10,20290910,2029,9,September,Q3,37,253
2029-09-17,20290917,2029,9,September,Q3,38,260
2029-09-24,20290924,2029,9,September,Q3,39,267
2029-10-01,20291001,2029,10,October,Q4,40,274
2029-10-08,20291008,2029,10,October,Q4,41,281
2029-10-15,20291015,2029,10,October,Q4,42,288
2029-10-22,20291022,2029,10,October,Q4,43,295
2029-10-29,20291029,2029,10,October,Q4,44,302
2029-11-05,20291105,2029,11,November,Q4,45,309
2029-11-12,20291112,2029,11,November,Q4,46,316
2029-11-19,20291119,2029,11,November,Q4,47,323
2029-11-26,20291126,2029,11,November,Q4,48,330
2029-12-03,20291203,2029,12,December,Q4,49,337
2029-12-10,20291210,2029,12,December,Q4,50,344
2029-12-17,20291217,2029,12,December,Q4,51,351
2029-12-24,20291224,2029,12,December,Q4,52,358
2029-12-31,20291231,2029,12,December,Q4,1,365
2030-01-07,20300107,2030,1,January,Q1,2,7
2030-01-14,20300114,2030,1,January,Q1,3,14
2030-01-21,20300121,2030,1,January,Q1,4,21
2030-01-28,20300128,2030,1,January,Q1,5,28
2030-02-04,20300204,2030,2,February,Q1,6,35
2030-02-11,20300211,2030,2,February,Q1,7,42
2030-02-18,20300218,2030,2,February,Q1,8,49
2030-02-25,20300225,2030,2,February,Q1,9,56
2030-03-04,20300304,2030,3,March,Q1,10,63
2030-03-11,20300311,2030,3,March,Q1,11,70
2030-03-18,20300318,2030,3,March,Q1,12,77
2030-03-25,20300325,2030,3,March,Q1,13,84
2030-04-01,20300401,2030,4,April,Q2,14,91
2030-04-08,20300408,2030,4,April,Q2,15,98
2030-04-15,20300415,2030,4,April,Q2,16,105
2030-04-22,20300422,2030,4,April,Q2,17,112
2030-04-29,20300429,2030,4,April,Q2,18,119
2030-05-06,20300506,2030,5,May,Q2,19,126
2030-05-13,20300513,2030,5,May,Q2,20,133
2030-05-20,20300520,2030,5,May,Q2,21,140
2030-05-27,20300527,2030,5,May,Q2,22,147
2030-06-03,20300603,2030,6,June,Q2,23,154
2030-06-10,20300610,2030,6,June,Q2,24,161
2030-06-17,20300617,2030,6,June,Q2,25,168
2030-06-24,20300624,2030,6,June,Q2,26,175
2030-07-01,20300701,2030,7,July,Q3,27,182
2030-07-08,20300708,2030,7,July,Q3,28,189
2030-07-15,20300715,2030,7,July,Q3,29,196
2030-07-22,20300722,2030,7,July,Q3,30,203
2030-07-29,20300729,2030,7,July,Q3,31,210
2030-08-05,20300805,2030,8,August,Q3,32,217
2030-08-12,20300812,2030,8,August,Q3,33,224
2030-08-19,20300819,2030,8,August,Q3,34,231
2030-08-26,20300826,2030,8,August,Q3,35,238
2030-09-02,20300902,2030,9,September,Q3,36,245
2030-09-09,20300909,2030,9,September,Q3,37,252
2030-09-16,20300916,2030,9,September,Q3,38,259
2030-09-23,20300923,2030,9,September,Q3,39,266
2030-09-30,20300930,2030,9,September,Q3,40,273
2030-10-07,20301007,2030,10,October,Q4,41,280
2030-10-14,20301014,2030,10,October,Q4,42,287
2030-10-21,20301021,2030,10,October,Q4,43,294
2030-10-28,20301028,2030,10,October,Q4,44,301
2030-11-04,20301104,2030,11,November,Q4,45,308
2030-11-11,20301111,2030,11,November,Q4,46,315
2030-11-18,20301118,2030,11,November,Q4,47,322
2030-11-25,20301125,2030,11,November,Q4,48,329
2030-12-02,20301202,2030,12,December,Q4,49,336
2030-12-09,20301209,2030,12,December,Q4,50,343
2030-12-16,20301216,2030,12,December,Q4,51,350
2030-12-23,20301223,2030,12,December,Q4,52,357
